county,aqi
嘉義市,80.30904522613065
高雄市,79.62453574744661
臺南市,76.06796657381615
金門縣,74.2715877437326
雲林縣,73.2883008356546
嘉義縣,72.19421487603306
連江縣,70.95403899721448
彰化縣,70.0958217270195
南投縣,65.48224233983287
屏東縣,64.70863509749303
臺中市,60.75046425255339
澎湖縣,59.98189415041783
桃園市,54.7244661095636
苗栗縣,52.60909935004643
新竹市,52.33565459610028
新竹縣,51.21448467966574
新北市,51.17581524892654
臺北市,49.177839665804655
基隆市,46.32729805013928
宜蘭縣,40.92339832869081
臺東縣,37.26183844011142
花蓮縣,36.920612813370475
