county,aqi
嘉義市,80.89199491740787
高雄市,79.66585535465924
臺南市,76.34687065368567
金門縣,73.27260083449235
雲林縣,73.19019471488178
嘉義縣,72.19221698113208
彰化縣,70.14186369958276
連江縣,70.10709318497914
南投縣,66.00695410292073
屏東縣,64.38414464534075
臺中市,61.03639313861845
澎湖縣,59.88456189151599
桃園市,54.69726471951785
苗栗縣,52.66805748725081
新竹市,52.250347705146034
新竹縣,51.19123783031989
新北市,51.1225955967555
臺北市,49.17020854021847
基隆市,46.258692628650905
宜蘭縣,40.39916550764951
臺東縣,37.099443671766345
花蓮縣,36.61613351877608
