county,aqi
嘉義市,78.53782668500688
高雄市,78.45119904076739
臺南市,74.38158273381295
雲林縣,71.37050359712231
金門縣,71.33525179856115
嘉義縣,70.51941747572816
彰化縣,68.2451798561151
連江縣,66.85611510791367
南投縣,65.52230215827338
屏東縣,64.22071942446043
臺中市,59.53237410071942
澎湖縣,57.19712230215827
桃園市,53.829736211031175
苗栗縣,51.070503597122304
新北市,50.934373125374925
新竹市,50.658992805755396
新竹縣,49.856115107913666
臺北市,49.1329361002671
基隆市,45.95677233429395
宜蘭縣,40.11798561151079
臺東縣,37.26906474820144
花蓮縣,36.87625899280575
