county,aqi
嘉義市,77.99023709902372
高雄市,76.91748024174802
臺南市,73.82175732217573
金門縣,72.15899581589959
雲林縣,72.13598326359832
嘉義縣,70.91193853427896
彰化縣,69.12831241283124
連江縣,66.28451882845188
南投縣,66.09344490934448
屏東縣,63.3442119944212
臺中市,60.7138540213854
澎湖縣,57.340306834030685
桃園市,54.15899581589958
苗栗縣,51.729893072989306
新北市,51.42579895409646
新竹市,50.9163179916318
新竹縣,50.335425383542535
臺北市,49.723306772908366
基隆市,46.05020920502092
宜蘭縣,41.0118549511855
臺東縣,37.52859135285914
花蓮縣,37.15760111576011
