county,aqi
嘉義市,81.62587412587412
高雄市,80.12685701021356
臺南市,77.60027855153203
金門縣,77.50557103064067
連江縣,76.04735376044569
雲林縣,75.43732590529248
嘉義縣,74.28630460448642
彰化縣,71.87130919220056
屏東縣,65.4050139275766
南投縣,65.30849582172702
澎湖縣,61.871866295264624
臺中市,61.83263695450325
桃園市,56.11908077994429
苗栗縣,53.82915506035283
新竹市,53.06545961002786
新北市,52.86027619821284
新竹縣,52.30292479108635
臺北市,50.690869305748954
基隆市,49.5
宜蘭縣,43.02298050139276
臺東縣,38.82729805013928
花蓮縣,38.259052924791085
