county,aqi
嘉義市,81.62630966239814
高雄市,80.12216040797404
臺南市,77.58720445062588
金門縣,77.4923504867872
連江縣,76.00973574408901
雲林縣,75.41898470097358
嘉義縣,74.27004716981132
彰化縣,71.86815020862309
屏東縣,65.42642559109875
南投縣,65.33970792767732
澎湖縣,61.860917941585534
臺中市,61.83611497450162
桃園市,56.10639777468707
苗栗縣,53.82939267501159
新竹市,53.05424200278164
新北市,52.84855156431055
新竹縣,52.29346314325452
臺北市,50.678848063555115
基隆市,49.48956884561891
宜蘭縣,43.02086230876217
臺東縣,38.83657858136301
花蓮縣,38.26981919332406
