county,aqi
嘉義市,79.00448430493273
高雄市,77.1806178375685
臺南市,74.20448430493273
雲林縣,73.58594917787742
金門縣,73.0627802690583
嘉義縣,71.89348370927318
彰化縣,70.66756352765321
連江縣,67.29297458893872
南投縣,67.23878923766816
屏東縣,63.46666666666667
臺中市,62.38315894369706
澎湖縣,58.15545590433483
桃園市,56.84109589041096
苗栗縣,53.77179870453413
新北市,53.76664173522812
新竹市,53.37668161434978
新竹縣,52.59865470852018
臺北市,51.9863364645602
基隆市,48.208083832335326
宜蘭縣,42.440209267563525
臺東縣,38.38191330343797
花蓮縣,37.93273542600897
