county,aqi
嘉義市,78.98053892215569
高雄市,77.18812375249502
臺南市,74.1997005988024
雲林縣,73.57148203592814
金門縣,72.96107784431138
嘉義縣,71.88268506900879
彰化縣,70.64850299401198
連江縣,67.2994011976048
南投縣,67.21145209580838
屏東縣,63.463173652694614
臺中市,62.34256487025948
澎湖縣,58.15568862275449
桃園市,56.77170658682635
苗栗縣,53.72055888223553
新北市,53.69925093632959
新竹市,53.32784431137725
新竹縣,52.55239520958084
臺北市,51.898652982681206
基隆市,48.14092953523238
宜蘭縣,42.39446107784431
臺東縣,38.3502994011976
花蓮縣,37.92215568862275
