month,avg_aqi
2,61.48208285402008
3,61.39810051568615
