month,avg_aqi
2,53.10245429876226
3,61.91972691920414
