month,avg_aqi
2,53.15329657243061
3,61.91972691920414
