month,avg_aqi
2,66.36657378728525
3,61.23111003404093
