month,avg_aqi
2,66.27861860521242
3,61.13215338258427
