month,avg_aqi
2,51.033068783068785
3,63.161017913868186
