day_type,avg_aqi
weekday,63.4683853400957
weekend,60.83818477867103
