day_type,avg_aqi
weekday,61.19298196005682
weekend,60.63086417681917
