day_type,avg_aqi
weekday,61.18604892273841
weekend,60.63086417681917
