day_type,avg_aqi
weekday,61.6832223592777
weekend,60.63086417681917
