day_type,avg_aqi
weekday,62.390956274139654
weekend,62.390179921878484
