day_type,avg_aqi
weekday,63.43042635691352
weekend,60.83818477867103
