day_type,avg_aqi
weekday,62.28300356345967
weekend,62.32177033582184
